<?xml version="1.0" encoding="utf-8"?>
<recipes>

    <recipe type="integrateddynamics:mechanical_squeezer">
        <tag>convenience</tag>
        <condition type="config">mechanical_squeezer</condition>
        <input>
            <item meta="1">minecraft:sponge</item>
        </input>
        <output>
            <item>minecraft:sponge</item>
            <fluid amount="50">water</fluid>
        </output>
        <properties>
            <duration>15</duration>
        </properties>
    </recipe>

    <recipe type="integrateddynamics:mechanical_squeezer">
        <tag>convenience</tag>
        <condition type="config">mechanical_squeezer</condition>
        <input>
            <item>minecraft:snowball</item>
        </input>
        <output>
            <fluid amount="250">water</fluid>
        </output>
        <properties>
            <duration>10</duration>
        </properties>
    </recipe>

    <recipe type="integrateddynamics:mechanical_squeezer">
        <tag>convenience</tag>
        <condition type="config">mechanical_squeezer</condition>
        <input>
            <item>minecraft:ice</item>
        </input>
        <output>
            <fluid amount="1000">water</fluid>
        </output>
        <properties>
            <duration>20</duration>
        </properties>
    </recipe>

    <recipe type="integrateddynamics:mechanical_squeezer">
        <tag>convenience</tag>
        <condition type="config">mechanical_squeezer</condition>
        <input>
            <item>minecraft:snow</item>
        </input>
        <output>
            <fluid amount="1000">water</fluid>
        </output>
        <properties>
            <duration>20</duration>
        </properties>
    </recipe>

    <recipe type="integrateddynamics:mechanical_squeezer">
        <tag>convenience</tag>
        <condition type="config">mechanical_squeezer</condition>
        <input>
            <item>minecraft:blaze_powder</item>
        </input>
        <output>
            <fluid amount="250">lava</fluid>
        </output>
        <properties>
            <duration>20</duration>
        </properties>
    </recipe>

    <recipe type="integrateddynamics:mechanical_squeezer">
        <tag>convenience</tag>
        <condition type="config">mechanical_squeezer</condition>
        <input>
            <item>minecraft:cactus</item>
        </input>
        <output>
            <fluid amount="500">water</fluid>
            <item amount="4" meta="2">minecraft:dye</item>
            <item amount="2" chance="0.5" meta="2">minecraft:dye</item>
        </output>
        <properties>
            <duration>20</duration>
        </properties>
    </recipe>

    <recipe type="integrateddynamics:mechanical_squeezer">
        <tag>convenience</tag>
        <condition type="mod">minefactoryreloaded</condition>
        <condition type="config">mechanical_squeezer</condition>
        <input>
            <item>minecraft:brown_mushroom</item>
        </input>
        <output>
            <fluid amount="250">mushroomsoup</fluid>
        </output>
        <properties>
            <duration>25</duration>
        </properties>
    </recipe>

    <recipe type="integrateddynamics:mechanical_squeezer">
        <tag>convenience</tag>
        <condition type="mod">minefactoryreloaded</condition>
        <condition type="config">mechanical_squeezer</condition>
        <input>
            <item>minecraft:red_mushroom</item>
        </input>
        <output>
            <fluid amount="250">mushroomsoup</fluid>
        </output>
        <properties>
            <duration>25</duration>
        </properties>
    </recipe>

    <recipe type="integrateddynamics:mechanical_squeezer">
        <tag>convenience</tag>
        <condition type="mod">evilcraft</condition>
        <condition type="config">mechanical_squeezer</condition>
        <input>
            <item>evilcraft:dark_ore</item>
        </input>
        <output>
            <item amount="3">evilcraft:dark_gem</item>
            <item chance="0.5">evilcraft:dark_gem_crushed</item>
        </output>
        <properties>
            <duration>20</duration>
        </properties>
    </recipe>

    <recipe type="integrateddynamics:mechanical_squeezer">
        <tag>convenience</tag>
        <condition type="mod">evilcraft</condition>
        <condition type="config">mechanical_squeezer</condition>
        <input>
            <item>evilcraft:dark_gem</item>
        </input>
        <output>
            <item>evilcraft:dark_gem_crushed</item>
        </output>
        <properties>
            <duration>20</duration>
        </properties>
    </recipe>

    <recipe type="integrateddynamics:mechanical_squeezer">
        <tag>convenience</tag>
        <condition type="mod">evilcraft</condition>
        <condition type="config">mechanical_squeezer</condition>
        <input>
            <item>evilcraft:undead_log</item>
        </input>
        <output>
            <fluid amount="100">evilcraftblood</fluid>
        </output>
        <properties>
            <duration>25</duration>
        </properties>
    </recipe>

    <recipe type="integrateddynamics:mechanical_squeezer">
        <tag>convenience</tag>
        <condition type="mod">evilcraft</condition>
        <condition type="config">mechanical_squeezer</condition>
        <input>
            <item>evilcraft:undead_leaves</item>
        </input>
        <output>
            <fluid amount="50">evilcraftblood</fluid>
            <item>evilcraft:hardened_blood_shard</item>
        </output>
        <properties>
            <duration>25</duration>
        </properties>
    </recipe>

    <recipe type="integrateddynamics:mechanical_squeezer">
        <tag>convenience</tag>
        <condition type="fluid">evilcraftpoison</condition>
        <condition type="oredict">materialPoisonous</condition>
        <condition type="config">mechanical_squeezer</condition>
        <input>
            <item type="oredict">materialPoisonous</item>
        </input>
        <output>
            <fluid amount="250">evilcraftpoison</fluid>
        </output>
        <properties>
            <duration>25</duration>
        </properties>
    </recipe>

    <recipe type="integrateddynamics:mechanical_squeezer">
        <tag>convenience</tag>
        <condition type="mod">forestry</condition>
        <condition type="config">mechanical_squeezer</condition>
        <input>
            <item meta="0">forestry:fruits</item>
        </input>
        <output>
            <fluid amount="50">seed.oil</fluid>
            <item chance="0.75">forestry:mulch</item>
        </output>
        <properties>
            <duration>20</duration>
        </properties>
    </recipe>

    <recipe type="integrateddynamics:mechanical_squeezer">
        <tag>convenience</tag>
        <condition type="mod">forestry</condition>
        <condition type="config">mechanical_squeezer</condition>
        <input>
            <item meta="1">forestry:fruits</item>
        </input>
        <output>
            <fluid amount="180">seed.oil</fluid>
            <item chance="0.75">forestry:mulch</item>
        </output>
        <properties>
            <duration>20</duration>
        </properties>
    </recipe>

    <recipe type="integrateddynamics:mechanical_squeezer">
        <tag>convenience</tag>
        <condition type="mod">forestry</condition>
        <condition type="config">mechanical_squeezer</condition>
        <input>
            <item meta="2">forestry:fruits</item>
        </input>
        <output>
            <fluid amount="220">seed.oil</fluid>
            <item chance="0.70">forestry:mulch</item>
        </output>
        <properties>
            <duration>20</duration>
        </properties>
    </recipe>

    <recipe type="integrateddynamics:mechanical_squeezer">
        <tag>convenience</tag>
        <condition type="mod">forestry</condition>
        <condition type="config">mechanical_squeezer</condition>
        <input>
            <item>minecraft:wheat_seeds</item>
        </input>
        <output>
            <fluid amount="10">seed.oil</fluid>
        </output>
        <properties>
            <duration>20</duration>
        </properties>
    </recipe>

    <recipe type="integrateddynamics:mechanical_squeezer">
        <tag>convenience</tag>
        <condition type="mod">forestry</condition>
        <condition type="config">mechanical_squeezer</condition>
        <input>
            <item>minecraft:pumpkin_seeds</item>
        </input>
        <output>
            <fluid amount="10">seed.oil</fluid>
        </output>
        <properties>
            <duration>20</duration>
        </properties>
    </recipe>

    <recipe type="integrateddynamics:mechanical_squeezer">
        <tag>convenience</tag>
        <condition type="mod">forestry</condition>
        <condition type="config">mechanical_squeezer</condition>
        <input>
            <item>minecraft:melon_seeds</item>
        </input>
        <output>
            <fluid amount="10">seed.oil</fluid>
        </output>
        <properties>
            <duration>20</duration>
        </properties>
    </recipe>

    <recipe type="integrateddynamics:mechanical_squeezer">
        <tag>convenience</tag>
        <condition type="mod">forestry</condition>
        <condition type="config">mechanical_squeezer</condition>
        <input>
            <item>minecraft:beetroot_seeds</item>
        </input>
        <output>
            <fluid amount="10">seed.oil</fluid>
        </output>
        <properties>
            <duration>20</duration>
        </properties>
    </recipe>

    <recipe type="integrateddynamics:mechanical_squeezer">
        <tag>convenience</tag>
        <condition type="mod">forestry</condition>
        <condition type="config">mechanical_squeezer</condition>
        <input>
            <item meta="3">forestry:fruits</item>
        </input>
        <output>
            <fluid amount="400">juice</fluid>
            <item>forestry:mulch</item>
        </output>
        <properties>
            <duration>20</duration>
        </properties>
    </recipe>

    <recipe type="integrateddynamics:mechanical_squeezer">
        <tag>convenience</tag>
        <condition type="mod">forestry</condition>
        <condition type="config">mechanical_squeezer</condition>
        <input>
            <item meta="4">forestry:fruits</item>
        </input>
        <output>
            <fluid amount="100">juice</fluid>
            <item>forestry:mulch</item>
        </output>
        <properties>
            <duration>20</duration>
        </properties>
    </recipe>

    <recipe type="integrateddynamics:mechanical_squeezer">
        <tag>convenience</tag>
        <condition type="mod">forestry</condition>
        <condition type="config">mechanical_squeezer</condition>
        <input>
            <item meta="5">forestry:fruits</item>
        </input>
        <output>
            <fluid amount="50">juice</fluid>
            <item>forestry:mulch</item>
        </output>
        <properties>
            <duration>20</duration>
        </properties>
    </recipe>

    <recipe type="integrateddynamics:mechanical_squeezer">
        <tag>convenience</tag>
        <condition type="mod">forestry</condition>
        <condition type="config">mechanical_squeezer</condition>
        <input>
            <item meta="6">forestry:fruits</item>
        </input>
        <output>
            <fluid amount="600">juice</fluid>
            <item>forestry:mulch</item>
        </output>
        <properties>
            <duration>20</duration>
        </properties>
    </recipe>

    <recipe type="integrateddynamics:mechanical_squeezer">
        <tag>convenience</tag>
        <condition type="mod">forestry</condition>
        <condition type="config">mechanical_squeezer</condition>
        <input>
            <item meta="0">forestry:honey_drop</item>
        </input>
        <output>
            <fluid amount="180">for.honey</fluid>
            <item chance="0.75">forestry:propolis</item>
        </output>
        <properties>
            <duration>20</duration>
        </properties>
    </recipe>

    <recipe type="integrateddynamics:mechanical_squeezer">
        <tag>convenience</tag>
        <condition type="mod">forestry</condition>
        <condition type="config">mechanical_squeezer</condition>
        <input>
            <item>minecraft:carrot</item>
        </input>
        <output>
            <fluid amount="200">juice</fluid>
            <item>forestry:mulch</item>
        </output>
        <properties>
            <duration>20</duration>
        </properties>
    </recipe>

    <recipe type="integrateddynamics:mechanical_squeezer">
        <tag>convenience</tag>
        <condition type="mod">forestry</condition>
        <condition type="config">mechanical_squeezer</condition>
        <input>
            <item>minecraft:apple</item>
        </input>
        <output>
            <fluid amount="200">juice</fluid>
            <item>forestry:mulch</item>
        </output>
        <properties>
            <duration>20</duration>
        </properties>
    </recipe>

    <recipe type="integrateddynamics:mechanical_squeezer">
        <tag>convenience</tag>
        <condition type="config">mechanical_squeezer</condition>
        <condition type="oredict">dustCoal</condition>
        <input>
            <item>minecraft:coal</item>
        </input>
        <output>
            <item type="oredict">dustCoal</item>
        </output>
        <properties>
            <duration>10</duration>
        </properties>
    </recipe>

    <recipe type="integrateddynamics:mechanical_squeezer">
        <tag>convenience</tag>
        <condition type="config">mechanical_squeezer</condition>
        <input>
            <item>minecraft:brick_block</item>
        </input>
        <output>
            <item amount="4">minecraft:brick</item>
        </output>
        <properties>
            <duration>20</duration>
        </properties>
    </recipe>

    <recipe type="integrateddynamics:mechanical_squeezer">
        <tag>convenience</tag>
        <condition type="config">mechanical_squeezer</condition>
        <input>
            <item type="oredict">blockGlass</item>
        </input>
        <output>
            <item>minecraft:sand</item>
        </output>
        <properties>
            <duration>10</duration>
        </properties>
    </recipe>

    <recipe type="integrateddynamics:mechanical_squeezer">
        <tag>convenience</tag>
        <condition type="config">mechanical_squeezer</condition>
        <input>
            <item meta="*">minecraft:wool</item>
        </input>
        <output>
            <item amount="4">minecraft:string</item>
        </output>
        <properties>
            <duration>5</duration>
        </properties>
    </recipe>

    <recipe type="integrateddynamics:mechanical_squeezer">
        <tag>convenience</tag>
        <condition type="config">mechanical_squeezer</condition>
        <input>
            <item>minecraft:red_flower</item>
        </input>
        <output>
            <item meta="1" amount="4">minecraft:dye</item>
            <item meta="1" amount="2" chance="0.5">minecraft:dye</item>
        </output>
        <properties>
            <duration>5</duration>
        </properties>
    </recipe>

    <recipe type="integrateddynamics:mechanical_squeezer">
        <tag>convenience</tag>
        <condition type="config">mechanical_squeezer</condition>
        <input>
            <item meta="8">minecraft:red_flower</item>
        </input>
        <output>
            <item meta="7" amount="4">minecraft:dye</item>
            <item meta="7" amount="2" chance="0.5">minecraft:dye</item>
        </output>
        <properties>
            <duration>5</duration>
        </properties>
    </recipe>

    <recipe type="integrateddynamics:mechanical_squeezer">
        <tag>convenience</tag>
        <condition type="config">mechanical_squeezer</condition>
        <input>
            <item meta="7">minecraft:red_flower</item>
        </input>
        <output>
            <item meta="9" amount="4">minecraft:dye</item>
            <item meta="9" amount="2" chance="0.5">minecraft:dye</item>
        </output>
        <properties>
            <duration>5</duration>
        </properties>
    </recipe>

    <recipe type="integrateddynamics:mechanical_squeezer">
        <tag>convenience</tag>
        <condition type="config">mechanical_squeezer</condition>
        <input>
            <item meta="6">minecraft:red_flower</item>
        </input>
        <output>
            <item meta="7" amount="4">minecraft:dye</item>
            <item meta="7" amount="4" chance="0.5">minecraft:dye</item>
        </output>
        <properties>
            <duration>5</duration>
        </properties>
    </recipe>

    <recipe type="integrateddynamics:mechanical_squeezer">
        <tag>convenience</tag>
        <condition type="config">mechanical_squeezer</condition>
        <input>
            <item meta="5">minecraft:red_flower</item>
        </input>
        <output>
            <item meta="14" amount="4">minecraft:dye</item>
            <item meta="14" amount="2" chance="0.5">minecraft:dye</item>
        </output>
        <properties>
            <duration>5</duration>
        </properties>
    </recipe>

    <recipe type="integrateddynamics:mechanical_squeezer">
        <tag>convenience</tag>
        <condition type="config">mechanical_squeezer</condition>
        <input>
            <item meta="4">minecraft:red_flower</item>
        </input>
        <output>
            <item meta="1" amount="4">minecraft:dye</item>
            <item meta="1" amount="2" chance="0.5">minecraft:dye</item>
        </output>
        <properties>
            <duration>5</duration>
        </properties>
    </recipe>

    <recipe type="integrateddynamics:mechanical_squeezer">
        <tag>convenience</tag>
        <condition type="config">mechanical_squeezer</condition>
        <input>
            <item meta="3">minecraft:red_flower</item>
        </input>
        <output>
            <item meta="7" amount="4">minecraft:dye</item>
            <item meta="7" amount="2" chance="0.5">minecraft:dye</item>
        </output>
        <properties>
            <duration>5</duration>
        </properties>
    </recipe>

    <recipe type="integrateddynamics:mechanical_squeezer">
        <tag>convenience</tag>
        <condition type="config">mechanical_squeezer</condition>
        <input>
            <item meta="2">minecraft:red_flower</item>
        </input>
        <output>
            <item meta="13" amount="4">minecraft:dye</item>
            <item meta="13" amount="2" chance="0.5">minecraft:dye</item>
        </output>
        <properties>
            <duration>5</duration>
        </properties>
    </recipe>

    <recipe type="integrateddynamics:mechanical_squeezer">
        <tag>convenience</tag>
        <condition type="config">mechanical_squeezer</condition>
        <input>
            <item meta="1">minecraft:red_flower</item>
        </input>
        <output>
            <item meta="12" amount="4">minecraft:dye</item>
            <item meta="12" amount="2" chance="0.5">minecraft:dye</item>
        </output>
        <properties>
            <duration>5</duration>
        </properties>
    </recipe>

    <recipe type="integrateddynamics:mechanical_squeezer">
        <tag>convenience</tag>
        <condition type="config">mechanical_squeezer</condition>
        <input>
            <item>minecraft:yellow_flower</item>
        </input>
        <output>
            <item meta="11" amount="4">minecraft:dye</item>
            <item meta="11" amount="2" chance="0.5">minecraft:dye</item>
        </output>
        <properties>
            <duration>5</duration>
        </properties>
    </recipe>

    <recipe type="integrateddynamics:mechanical_squeezer">
        <tag>convenience</tag>
        <condition type="config">mechanical_squeezer</condition>
        <input>
            <item meta="0">minecraft:double_plant</item>
        </input>
        <output>
            <item meta="11" amount="8">minecraft:dye</item>
            <item meta="11" amount="2" chance="0.5">minecraft:dye</item>
            <item meta="11" amount="2" chance="0.5">minecraft:dye</item>
        </output>
        <properties>
            <duration>5</duration>
        </properties>
    </recipe>

    <recipe type="integrateddynamics:mechanical_squeezer">
        <tag>convenience</tag>
        <condition type="config">mechanical_squeezer</condition>
        <input>
            <item meta="1">minecraft:double_plant</item>
        </input>
        <output>
            <item meta="13" amount="8">minecraft:dye</item>
            <item meta="13" amount="2" chance="0.5">minecraft:dye</item>
            <item meta="13" amount="2" chance="0.5">minecraft:dye</item>
        </output>
        <properties>
            <duration>5</duration>
        </properties>
    </recipe>

    <recipe type="integrateddynamics:mechanical_squeezer">
        <tag>convenience</tag>
        <condition type="config">mechanical_squeezer</condition>
        <input>
            <item meta="4">minecraft:double_plant</item>
        </input>
        <output>
            <item meta="1" amount="8">minecraft:dye</item>
            <item meta="1" amount="2" chance="0.5">minecraft:dye</item>
            <item meta="1" amount="2" chance="0.5">minecraft:dye</item>
        </output>
        <properties>
            <duration>5</duration>
        </properties>
    </recipe>

    <recipe type="integrateddynamics:mechanical_squeezer">
        <tag>convenience</tag>
        <condition type="config">mechanical_squeezer</condition>
        <input>
            <item meta="5">minecraft:double_plant</item>
        </input>
        <output>
            <item meta="9" amount="8">minecraft:dye</item>
            <item meta="9" amount="2" chance="0.5">minecraft:dye</item>
            <item meta="9" amount="2" chance="0.5">minecraft:dye</item>
        </output>
        <properties>
            <duration>5</duration>
        </properties>
    </recipe>

    <recipe type="integrateddynamics:mechanical_squeezer">
        <tag>convenience</tag>
        <condition type="config">mechanical_squeezer</condition>
        <input>
            <item>minecraft:bone</item>
        </input>
        <output>
            <item meta="15" amount="6">minecraft:dye</item>
            <item meta="15" amount="2" chance="0.5">minecraft:dye</item>
            <item meta="15" amount="2" chance="0.5">minecraft:dye</item>
        </output>
        <properties>
            <duration>10</duration>
        </properties>
    </recipe>

    <recipe type="integrateddynamics:mechanical_squeezer">
        <tag>ores</tag>
        <condition type="config">mechanical_squeezer</condition>
        <input>
            <item>minecraft:reeds</item>
        </input>
        <output>
            <item amount="4">minecraft:sugar</item>
            <item chance="0.5">minecraft:sugar</item>
        </output>
        <properties>
            <duration>40</duration>
        </properties>
    </recipe>

    <recipe type="integrateddynamics:mechanical_squeezer">
        <tag>ores</tag>
        <condition type="config">mechanical_squeezer</condition>
        <input>
            <item>minecraft:blaze_rod</item>
        </input>
        <output>
            <item amount="5">minecraft:blaze_powder</item>
        </output>
        <properties>
            <duration>40</duration>
        </properties>
    </recipe>

    <recipe type="integrateddynamics:mechanical_squeezer">
        <tag>ores</tag>
        <condition type="config">mechanical_squeezer</condition>
        <input>
            <item>minecraft:netherrack</item>
        </input>
        <output>
            <fluid amount="1000">lava</fluid>
        </output>
        <properties>
            <duration>750</duration>
        </properties>
    </recipe>

    <recipe type="integrateddynamics:mechanical_squeezer">
        <tag>ores</tag>
        <condition type="config">mechanical_squeezer</condition>
        <input>
            <item>minecraft:magma_cream</item>
        </input>
        <output>
            <fluid amount="250">lava</fluid>
        </output>
        <properties>
            <duration>100</duration>
        </properties>
    </recipe>

</recipes>
