<?xml version="1.0" encoding="utf-8"?>
<recipes>

	<recipe type="shapeless">
		<condition type="config">menril_log</condition>
		<condition type="config">menril_planks</condition>
		<input>
			<item>integrateddynamics:menril_log</item>
		</input>
		<output>
			<item amount="4">integrateddynamics:menril_planks</item>
		</output>
	</recipe>

	<recipe type="shapeless">
		<condition type="config">crystalized_menril_block</condition>
		<condition type="config">crystalized_menril_chunk</condition>
		<input>
			<item>integrateddynamics:crystalized_menril_block</item>
		</input>
		<output>
			<item amount="9">integrateddynamics:crystalized_menril_chunk</item>
		</output>
	</recipe>

	<recipe type="shapeless">
		<condition type="config">logic_programmer</condition>
		<condition type="config">crystalized_menril_block</condition>
		<input>
			<item>integrateddynamics:crystalized_menril_block</item>
			<item type="oredict">workbench</item>
		</input>
		<output>
			<item>integrateddynamics:logic_programmer</item>
		</output>
	</recipe>

	<recipe type="shapeless">
		<condition type="config">logic_programmer</condition>
		<condition type="config">portable_logic_programmer</condition>
		<input>
			<item>integrateddynamics:logic_programmer</item>
		</input>
		<output>
			<item>integrateddynamics:portable_logic_programmer</item>
		</output>
	</recipe>

	<recipe type="shapeless">
		<condition type="config">portable_logic_programmer</condition>
		<condition type="config">logic_programmer</condition>
		<input>
			<item>integrateddynamics:portable_logic_programmer</item>
		</input>
		<output>
			<item>integrateddynamics:logic_programmer</item>
		</output>
	</recipe>

	<recipe type="shapeless">
		<condition type="config">coal_generator</condition>
		<condition type="config">energy_battery</condition>
		<input>
			<item>integrateddynamics:energy_battery</item>
			<item>minecraft:furnace</item>
		</input>
		<output>
			<item>integrateddynamics:coal_generator</item>
		</output>
	</recipe>

	<recipe type="shapeless">
		<condition type="config">menril_torch</condition>
		<condition type="config">menril_berries</condition>
		<input>
			<item type="oredict">stickWood</item>
			<item>integrateddynamics:menril_berries</item>
		</input>
		<output>
			<item amount="4">integrateddynamics:menril_torch</item>
		</output>
	</recipe>

	<recipe type="shapeless">
		<condition type="config">menril_torch_stone</condition>
		<condition type="config">menril_berries</condition>
		<condition type="oredict">rodStone</condition>
		<input>
			<item type="oredict">rodStone</item>
			<item>integrateddynamics:menril_berries</item>
		</input>
		<output>
			<item amount="4">integrateddynamics:menril_torch_stone</item>
		</output>
	</recipe>

	<recipe type="shapeless">
		<condition type="config">menril_torch_stone</condition>
		<condition type="config">menril_berries</condition>
		<input>
			<item type="oredict">stone</item>
			<item type="oredict">stone</item>
			<item>integrateddynamics:menril_berries</item>
		</input>
		<output>
			<item amount="4">integrateddynamics:menril_torch_stone</item>
		</output>
	</recipe>

	<recipe type="shapeless">
		<condition type="config">menril_torch_stone</condition>
		<condition type="config">menril_berries</condition>
		<input>
			<item type="oredict">cobblestone</item>
			<item type="oredict">cobblestone</item>
			<item>integrateddynamics:menril_berries</item>
		</input>
		<output>
			<item amount="4">integrateddynamics:menril_torch_stone</item>
		</output>
	</recipe>

	<recipe type="shapeless">
		<condition type="config">on_the_dynamics_of_integration</condition>
		<condition type="config">crystalized_menril_chunk</condition>
		<input>
			<item>minecraft:book</item>
			<item>integrateddynamics:crystalized_menril_chunk</item>
			<item>integrateddynamics:crystalized_menril_chunk</item>
		</input>
		<output>
			<item>integrateddynamics:on_the_dynamics_of_integration</item>
		</output>
	</recipe>

	<recipe type="shapeless">
		<condition type="config">crystalized_chorus_block</condition>
		<condition type="config">crystalized_chorus_chunk</condition>
		<input>
			<item>integrateddynamics:crystalized_chorus_block</item>
		</input>
		<output>
			<item amount="9">integrateddynamics:crystalized_chorus_chunk</item>
		</output>
	</recipe>

       <recipe type="shapeless">
               <input>
                       <item>integrateddynamics:part_connector_omni_directional_item</item>
                       <item>integrateddynamics:part_connector_omni_directional_item</item>
               </input>
               <output>
                       <item amount="2">integrateddynamics:part_connector_omni_directional_item</item>
               </output>
       </recipe>

</recipes>
