<?xml version="1.0" encoding="utf-8"?>
<recipes>

    <recipe type="smelting">
        <condition type="config">menril_log</condition>
        <input>
            <item>integrateddynamics:menril_log</item>
        </input>
        <output>
            <item meta="1">minecraft:coal</item>
            <xp>0.15</xp>
        </output>
    </recipe>

    <recipe type="smelting">
        <condition type="config">menril_log_filled</condition>
        <input>
            <item>integrateddynamics:menril_log_filled</item>
        </input>
        <output>
            <item meta="1">minecraft:coal</item>
            <xp>0.15</xp>
        </output>
    </recipe>

</recipes>
