<?xml version="1.0" encoding="utf-8"?>
<recipes>

    <recipe type="integrateddynamics:squeezer">
        <tag>ores</tag>
        <condition type="config">squeezer</condition>
        <input>
            <item>minecraft:gravel</item>
        </input>
        <output>
            <item>minecraft:flint</item>
            <item chance="0.5">minecraft:flint</item>
        </output>
    </recipe>

    <recipe type="integrateddynamics:squeezer">
        <tag>ores</tag>
        <condition type="config">squeezer</condition>
        <input>
            <item>minecraft:sandstone</item>
        </input>
        <output>
            <item amount="2">minecraft:sand</item>
        </output>
    </recipe>

    <recipe type="integrateddynamics:squeezer">
        <tag>ores</tag>
        <condition type="config">squeezer</condition>
        <input>
            <item>minecraft:glowstone</item>
        </input>
        <output>
            <item amount="4">minecraft:glowstone_dust</item>
        </output>
    </recipe>

    <recipe type="integrateddynamics:squeezer">
        <tag>ores</tag>
        <condition type="config">squeezer</condition>
        <condition type="oredict">oreTin</condition>
        <condition type="oredict">dustTin</condition>
        <input>
            <item type="oredict">oreTin</item>
        </input>
        <output>
            <item type="oredict">dustTin</item>
            <item type="oredict" chance="0.75">dustTin</item>
        </output>
    </recipe>

    <recipe type="integrateddynamics:squeezer">
        <tag>ores</tag>
        <condition type="config">squeezer</condition>
        <condition type="oredict">orePlatinum</condition>
        <condition type="oredict">dustPlatinum</condition>
        <input>
            <item type="oredict">orePlatinum</item>
        </input>
        <output>
            <item type="oredict">dustPlatinum</item>
            <item type="oredict" chance="0.75">dustPlatinum</item>
        </output>
    </recipe>

    <recipe type="integrateddynamics:squeezer">
        <tag>ores</tag>
        <condition type="config">squeezer</condition>
        <condition type="oredict">oreMithril</condition>
        <condition type="oredict">dustMithril</condition>
        <input>
            <item type="oredict">oreMithril</item>
        </input>
        <output>
            <item type="oredict">dustMithril</item>
            <item type="oredict" chance="0.75">dustMithril</item>
        </output>
    </recipe>

    <recipe type="integrateddynamics:squeezer">
        <tag>ores</tag>
        <condition type="config">squeezer</condition>
        <condition type="oredict">oreCobalt</condition>
        <condition type="oredict">dustCobalt</condition>
        <input>
            <item type="oredict">oreCobalt</item>
        </input>
        <output>
            <item type="oredict">dustCobalt</item>
            <item type="oredict" chance="0.75">dustCobalt</item>
        </output>
    </recipe>

    <recipe type="integrateddynamics:squeezer">
        <tag>ores</tag>
        <condition type="config">squeezer</condition>
        <condition type="oredict">oreArdite</condition>
        <condition type="oredict">dustArdite</condition>
        <input>
            <item type="oredict">oreArdite</item>
        </input>
        <output>
            <item type="oredict">dustArdite</item>
            <item type="oredict" chance="0.75">dustArdite</item>
        </output>
    </recipe>

    <recipe type="integrateddynamics:squeezer">
        <tag>ores</tag>
        <condition type="config">squeezer</condition>
        <input>
            <item>minecraft:quartz_ore</item>
        </input>
        <output>
            <item amount="1">minecraft:quartz</item>
            <item chance="0.4">minecraft:quartz</item>
        </output>
    </recipe>

    <recipe type="integrateddynamics:squeezer">
        <tag>ores</tag>
        <condition type="config">squeezer</condition>
        <condition type="oredict">dustObsidian</condition>
        <input>
            <item>minecraft:obsidian</item>
        </input>
        <output>
            <item type="oredict">dustObsidian</item>
        </output>
    </recipe>

    <recipe type="integrateddynamics:squeezer">
        <tag>ores</tag>
        <condition type="config">squeezer</condition>
        <input>
            <item>minecraft:diamond_ore</item>
        </input>
        <output>
            <item>minecraft:diamond</item>
            <item chance="0.2">minecraft:diamond</item>
        </output>
    </recipe>

    <recipe type="integrateddynamics:squeezer">
        <tag>ores</tag>
        <condition type="config">squeezer</condition>
        <input>
            <item>minecraft:emerald_ore</item>
        </input>
        <output>
            <item>minecraft:emerald</item>
            <item chance="0.1">minecraft:emerald</item>
        </output>
    </recipe>

    <recipe type="integrateddynamics:squeezer">
        <tag>ores</tag>
        <condition type="config">squeezer</condition>
        <input>
            <item>minecraft:coal_ore</item>
        </input>
        <output>
            <item amount="1">minecraft:coal</item>
            <item chance="0.5">minecraft:coal</item>
        </output>
    </recipe>

</recipes>