<?xml version="1.0" encoding="utf-8"?>
<recipes>

	<recipe type="integrateddynamics:squeezer">
		<tag>base</tag>
		<condition type="config">squeezer</condition>
		<condition type="config">menril_log</condition>
		<condition type="config">menrilresin</condition>
		<input>
			<item>integrateddynamics:menril_log</item>
		</input>
		<output>
			<fluid amount="1000">menrilresin</fluid>
		</output>
	</recipe>

	<recipe type="integrateddynamics:squeezer">
		<tag>base</tag>
		<condition type="config">squeezer</condition>
		<condition type="config">menril_planks</condition>
		<condition type="config">menrilresin</condition>
		<input>
			<item>integrateddynamics:menril_planks</item>
		</input>
		<output>
			<fluid amount="250">menrilresin</fluid>
		</output>
	</recipe>

	<recipe type="integrateddynamics:squeezer">
		<tag>base</tag>
		<condition type="config">squeezer</condition>
		<condition type="config">liquidchorus</condition>
		<input>
			<item>minecraft:chorus_fruit_popped</item>
		</input>
		<output>
			<fluid amount="125">liquidchorus</fluid>
		</output>
	</recipe>

</recipes>
