<?xml version="1.0" encoding="utf-8"?>
<recipes>

    <recipe type="integrateddynamics:mechanical_squeezer">
        <tag>ores</tag>
        <condition type="config">mechanical_squeezer</condition>
        <input>
            <item>minecraft:stone</item>
        </input>
        <output>
            <item>minecraft:cobblestone</item>
        </output>
        <properties>
            <duration>40</duration>
        </properties>
    </recipe>

    <recipe type="integrateddynamics:mechanical_squeezer">
        <tag>ores</tag>
        <condition type="config">mechanical_squeezer</condition>
        <input>
            <item>minecraft:cobblestone</item>
        </input>
        <output>
            <item>minecraft:gravel</item>
            <item chance="0.5">minecraft:flint</item>
        </output>
        <properties>
            <duration>40</duration>
        </properties>
    </recipe>

    <recipe type="integrateddynamics:mechanical_squeezer">
        <tag>ores</tag>
        <condition type="config">mechanical_squeezer</condition>
        <input>
            <item>minecraft:gravel</item>
        </input>
        <output>
            <item amount="2">minecraft:flint</item>
        </output>
        <properties>
            <duration>30</duration>
        </properties>
    </recipe>

    <recipe type="integrateddynamics:mechanical_squeezer">
        <tag>ores</tag>
        <condition type="config">mechanical_squeezer</condition>
        <input>
            <item>minecraft:stonebrick</item>
        </input>
        <output>
            <item meta="2">minecraft:stonebrick</item>
        </output>
        <properties>
            <duration>40</duration>
        </properties>
    </recipe>

    <recipe type="integrateddynamics:mechanical_squeezer">
        <tag>ores</tag>
        <condition type="config">mechanical_squeezer</condition>
        <input>
            <item>minecraft:sandstone</item>
        </input>
        <output>
            <item amount="2">minecraft:sand</item>
        </output>
        <properties>
            <duration>30</duration>
        </properties>
    </recipe>

    <recipe type="integrateddynamics:mechanical_squeezer">
        <tag>ores</tag>
        <condition type="config">mechanical_squeezer</condition>
        <input>
            <item>minecraft:red_sandstone</item>
        </input>
        <output>
            <item amount="2" meta="1">minecraft:sand</item>
        </output>
        <properties>
            <duration>30</duration>
        </properties>
    </recipe>

    <recipe type="integrateddynamics:mechanical_squeezer">
        <tag>ores</tag>
        <condition type="config">mechanical_squeezer</condition>
        <input>
            <item>minecraft:glowstone</item>
        </input>
        <output>
            <item amount="4">minecraft:glowstone_dust</item>
        </output>
        <properties>
            <duration>30</duration>
        </properties>
    </recipe>

    <recipe type="integrateddynamics:mechanical_squeezer">
        <tag>ores</tag>
        <condition type="config">mechanical_squeezer</condition>
        <input>
            <item>minecraft:lapis_ore</item>
        </input>
        <output>
            <item meta="4" amount="12">minecraft:dye</item>
            <item meta="4" amount="2" chance="0.5">minecraft:dye</item>
        </output>
        <properties>
            <duration>40</duration>
        </properties>
    </recipe>

    <recipe type="integrateddynamics:mechanical_squeezer">
        <tag>ores</tag>
        <condition type="config">mechanical_squeezer</condition>
        <input>
            <item>minecraft:redstone_ore</item>
        </input>
        <output>
            <item amount="12">minecraft:redstone</item>
            <item amount="2" chance="0.5">minecraft:redstone</item>
        </output>
        <properties>
            <duration>40</duration>
        </properties>
    </recipe>

    <recipe type="integrateddynamics:mechanical_squeezer">
        <tag>ores</tag>
        <condition type="config">mechanical_squeezer</condition>
        <condition type="oredict">oreCopper</condition>
        <condition type="oredict">dustCopper</condition>
        <input>
            <item type="oredict">oreCopper</item>
        </input>
        <output>
            <item type="oredict" amount="2">dustCopper</item>
            <item type="oredict" chance="0.5">dustCopper</item>
        </output>
        <properties>
            <duration>40</duration>
        </properties>
    </recipe>

    <recipe type="integrateddynamics:mechanical_squeezer">
        <tag>ores</tag>
        <condition type="config">mechanical_squeezer</condition>
        <condition type="oredict">oreTin</condition>
        <condition type="oredict">dustTin</condition>
        <input>
            <item type="oredict">oreTin</item>
        </input>
        <output>
            <item type="oredict" amount="2">dustTin</item>
            <item type="oredict" chance="0.5">dustTin</item>
        </output>
        <properties>
            <duration>40</duration>
        </properties>
    </recipe>

    <recipe type="integrateddynamics:mechanical_squeezer">
        <tag>ores</tag>
        <condition type="config">mechanical_squeezer</condition>
        <condition type="oredict">oreSilver</condition>
        <condition type="oredict">dustSilver</condition>
        <input>
            <item type="oredict">oreSilver</item>
        </input>
        <output>
            <item type="oredict" amount="2">dustSilver</item>
            <item type="oredict" chance="0.5">dustSilver</item>
        </output>
        <properties>
            <duration>40</duration>
        </properties>
    </recipe>

    <recipe type="integrateddynamics:mechanical_squeezer">
        <tag>ores</tag>
        <condition type="config">mechanical_squeezer</condition>
        <condition type="oredict">oreLead</condition>
        <condition type="oredict">dustLead</condition>
        <input>
            <item type="oredict">oreLead</item>
        </input>
        <output>
            <item type="oredict" amount="2">dustLead</item>
            <item type="oredict" chance="0.5">dustLead</item>
        </output>
        <properties>
            <duration>40</duration>
        </properties>
    </recipe>

    <recipe type="integrateddynamics:mechanical_squeezer">
        <tag>ores</tag>
        <condition type="config">mechanical_squeezer</condition>
        <condition type="oredict">oreNickel</condition>
        <condition type="oredict">dustNickel</condition>
        <input>
            <item type="oredict">oreNickel</item>
        </input>
        <output>
            <item type="oredict" amount="2">dustNickel</item>
            <item type="oredict" chance="0.5">dustNickel</item>
        </output>
        <properties>
            <duration>40</duration>
        </properties>
    </recipe>

    <recipe type="integrateddynamics:mechanical_squeezer">
        <tag>ores</tag>
        <condition type="config">mechanical_squeezer</condition>
        <condition type="oredict">orePlatinum</condition>
        <condition type="oredict">dustPlatinum</condition>
        <input>
            <item type="oredict">orePlatinum</item>
        </input>
        <output>
            <item type="oredict" amount="2">dustPlatinum</item>
            <item type="oredict" chance="0.5">dustPlatinum</item>
        </output>
        <properties>
            <duration>40</duration>
        </properties>
    </recipe>

    <recipe type="integrateddynamics:mechanical_squeezer">
        <tag>ores</tag>
        <condition type="config">mechanical_squeezer</condition>
        <condition type="oredict">oreMithril</condition>
        <condition type="oredict">dustMithril</condition>
        <input>
            <item type="oredict">oreMithril</item>
        </input>
        <output>
            <item type="oredict" amount="2">dustMithril</item>
            <item type="oredict" chance="0.5">dustMithril</item>
        </output>
        <properties>
            <duration>40</duration>
        </properties>
    </recipe>

    <recipe type="integrateddynamics:mechanical_squeezer">
        <tag>ores</tag>
        <condition type="config">mechanical_squeezer</condition>
        <condition type="oredict">oreCobalt</condition>
        <condition type="oredict">dustCobalt</condition>
        <input>
            <item type="oredict">oreCobalt</item>
        </input>
        <output>
            <item type="oredict" amount="2">dustCobalt</item>
            <item type="oredict" chance="0.5">dustCobalt</item>
        </output>
        <properties>
            <duration>40</duration>
        </properties>
    </recipe>

    <recipe type="integrateddynamics:mechanical_squeezer">
        <tag>ores</tag>
        <condition type="config">mechanical_squeezer</condition>
        <condition type="oredict">oreArdite</condition>
        <condition type="oredict">dustArdite</condition>
        <input>
            <item type="oredict">oreArdite</item>
        </input>
        <output>
            <item type="oredict" amount="2">dustArdite</item>
            <item type="oredict" chance="0.5">dustArdite</item>
        </output>
        <properties>
            <duration>40</duration>
        </properties>
    </recipe>

    <recipe type="integrateddynamics:mechanical_squeezer">
        <tag>ores</tag>
        <condition type="config">mechanical_squeezer</condition>
        <input>
            <item>minecraft:quartz_ore</item>
        </input>
        <output>
            <item amount="3">minecraft:quartz</item>
            <item chance="0.5">minecraft:quartz</item>
        </output>
        <properties>
            <duration>40</duration>
        </properties>
    </recipe>

    <recipe type="integrateddynamics:mechanical_squeezer">
        <tag>ores</tag>
        <condition type="config">mechanical_squeezer</condition>
        <condition type="oredict">dustObsidian</condition>
        <input>
            <item>minecraft:obsidian</item>
        </input>
        <output>
            <item type="oredict" amount="2">dustObsidian</item>
        </output>
        <properties>
            <duration>60</duration>
        </properties>
    </recipe>

    <recipe type="integrateddynamics:mechanical_squeezer">
        <tag>ores</tag>
        <condition type="config">mechanical_squeezer</condition>
        <input>
            <item>minecraft:diamond_ore</item>
        </input>
        <output>
            <item amount="2">minecraft:diamond</item>
            <item chance="0.5">minecraft:diamond</item>
        </output>
        <properties>
            <duration>40</duration>
        </properties>
    </recipe>

    <recipe type="integrateddynamics:mechanical_squeezer">
        <tag>ores</tag>
        <condition type="config">mechanical_squeezer</condition>
        <input>
            <item>minecraft:emerald_ore</item>
        </input>
        <output>
            <item amount="2">minecraft:emerald</item>
            <item chance="0.5">minecraft:emerald</item>
        </output>
        <properties>
            <duration>40</duration>
        </properties>
    </recipe>

    <recipe type="integrateddynamics:mechanical_squeezer">
        <tag>ores</tag>
        <condition type="config">mechanical_squeezer</condition>
        <input>
            <item>minecraft:coal_ore</item>
        </input>
        <output>
            <item amount="6">minecraft:coal</item>
            <item chance="0.5">minecraft:coal</item>
        </output>
        <properties>
            <duration>40</duration>
        </properties>
    </recipe>

    <recipe type="integrateddynamics:mechanical_squeezer">
        <tag>ores</tag>
        <condition type="config">mechanical_squeezer</condition>
        <input>
            <item>minecraft:magma</item>
        </input>
        <output>
            <item amount="4">minecraft:magma_cream</item>
        </output>
        <properties>
            <duration>40</duration>
        </properties>
    </recipe>

    <recipe type="integrateddynamics:mechanical_squeezer">
        <tag>ores</tag>
        <condition type="config">mechanical_squeezer</condition>
        <input>
            <item>minecraft:prismarine_shard</item>
        </input>
        <output>
            <item>minecraft:prismarine_crystals</item>
        </output>
        <properties>
            <duration>30</duration>
        </properties>
    </recipe>

</recipes>